{"cameraMode":{"drawMode":0,"name":"Shaded","section":"Shading Mode"},"sceneLighting":true,"audioPlay":false,"sceneViewState":{"m_AlwaysRefresh":false,"showFog":true,"showSkybox":true,"showFlares":true,"showImageEffects":true,"showParticleSystems":true,"showVisualEffectGraphs":true,"m_FxEnabled":true},"in2DMode":false,"pivot":{"x":0.04797077178955078,"y":-0.04529762268066406,"z":-0.01604175567626953},"rotation":{"x":-0.08741332590579987,"y":0.8998315334320068,"z":-0.21193304657936097,"w":-0.37114208936691286},"size":6.054693698883057,"orthographic":false}